Animal,Lion
Color,Cerulean
Food,Pizza
Emotion,Joy
Weather,Thunderstorm
Tool,Hammer
Occupation,Engineer
Country,Brazil
Flower,Orchid
Fruit,Mango
Vegetable,Carrot
Insect,Butterfly
Ocean,Atlantic
Tree,Oak
Music Genre,Jazz
Car Brand,Toyota
Hobby,Painting
Game,Chess
Apparel,Jacket
Toy,Doll
Animal,Elephant
Color,Magenta
Food,Burger
Emotion,Love
Weather,Fog
Tool,Saw
Occupation,Teacher
Country,Japan
Flower,Daisy
Fruit,Pineapple
Vegetable,Spinach
Insect,Ant
Ocean,Pacific
Tree,Maple
Music Genre,Rock
Car Brand,Ford
Hobby,Gardening
Game,Monopoly
Apparel,Shoes
Toy,Puzzle
Animal,Giraffe
Color,Olive
Food,Taco
Emotion,Peace
Weather,Snow
Tool,Wrench
Occupation,Chef
Country,France
Flower,Rose
Fruit,Apple
Vegetable,Lettuce
Insect,Bee
Ocean,Indian
Tree,Pine
Literature Genre,Fiction
Car Brand,Chevrolet
Hobby,Knitting
Game,Checkers
Apparel,Hat
Toy,Train
Animal,Kangaroo
Color,Peach
Food,Sushi
Emotion,Hope
Weather,Rain
Tool,Drill
Occupation,Doctor
Country,Italy
Flower,Sunflower
Fruit,Grape
Vegetable,Cucumber
Insect,Ladybug
Ocean,Arctic
Tree,Cedar
Music Genre,Classical
Car Brand,Honda
Hobby,Writing
Game,Scrabble
Apparel,Scarf
Electronic Device,Drone
Animal,Zebra
Color,Lavender
Food,Pasta
Emotion,Courage
Weather,Hail
Tool,Screwdriver
Occupation,Nurse
Country,Canada
Flower,Lily
Fruit,Orange
Vegetable,Onion
Insect,Mosquito
US State,Alabama
Tree,Birch
Music Genre,Pop
Car Brand,BMW
Hobby,Hiking
Game,Uno
Apparel,Gloves
Toy,Kite
Animal,Fox
Color,Turquoise
Food,Salad
Emotion,Gratitude
Weather,Wind
Tool,Axe
Occupation,Artist
Country,Egypt
Flower,Tulip
Fruit,Strawberry
Vegetable,Broccoli
Insect,Dragonfly
US State,Texas
Tree,Redwood
Music Genre,EDM
Car Brand,Mercedes
Hobby,Photography
Game,Jenga
Apparel,Socks
Toy,Ball
Animal,Gorilla
Color,Aqua
Food,Donut
Emotion,Surprise
Weather,Sunshine
Tool,Shovel
Occupation,Lawyer
Country,India
Flower,Poppy
Fruit,Watermelon
Vegetable,Tomato
Insect,Grasshopper
Planet,Saturn
Tree,Elm
Music Genre,Country
Car Brand,Volkswagen
Hobby,Reading
Dog Breed,Dachshund
Apparel,Belt
Toy,Yoyo
Animal,Penguin
Color,Indigo
Food,Burrito
Emotion,Empathy
Weather,Lightning
Tool,Yardstick
Occupation,Writer
Country,Greece
Flower,Hibiscus
Fruit,Kiwi
Vegetable,Corn
Insect,Beetle
Body of Water,Pacific
Tree,Cypress
Music Genre,Blues
Car Brand,Nissan
Hobby,Cooking
Game,Risk
Apparel,Jeans
Toy,Marbles
Animal,Panda
Color,Teal
Food,Sandwich
Emotion,Curiosity
Weather,Mist
Tool,Rake
Occupation,Pharmacist
Country,China
Flower,Iris
Fruit,Lemon
Vegetable,Potato
Insect,Spider
Electronic Device,Laptop
Tree,Fir
Music Genre,Reggae
Car Brand,Audi
Hobby,Fishing
Game,Tetris
Apparel,Tie
Toy,Frisbee
Animal,Dolphin
Color,Salmon
Food,Soup
Emotion,Excitement
Weather,Frost
Tool,Plunger
Occupation,Plumber
Country,Argentina
Flower,Lavender
Fruit,Peach
Vegetable,Zucchini
Insect,Moth
Dog Breed,Terrier
Tree,Spruce
Music Genre,Soul
Car Brand,Hyundai
Hobby,Singing
Game,Twister
Apparel,Sweater
Toy,Truck
Animal,Wolf
Color,Charcoal
Food,Pancakes
Emotion,Nostalgia
Weather,Drizzle
Tool,Trowel
Occupation,Pilot
Country,Australia
Flower,Peony
Fruit,Blueberry
Vegetable,Kale
Insect,Wasp
Electronic Device,Smartphone
Tree,Palm
Music Genre,Funk
Car Brand,Subaru
Hobby,Dancing
Game,Operation
Apparel,Shorts
Toy,Figurine
Animal,Hawk
Color,Gold
Food,Ramen
Emotion,Envy
Weather,Breeze
Tool,Ladder
Occupation,Firefighter
Country,Mexico
Flower,Violet
Fruit,Banana
Vegetable,Eggplant
Insect,Termite
Body of Water,Mediterranean
Tree,Willow
Music Genre,Disco
Car Brand,Tesla
Hobby,Camping
Game,Sorry
Apparel,Overalls
Fish,Sturgeon
Animal,Owl
Color,Burgundy
Food,Chili
Emotion,Awe
Weather,Clear
Tool,Chisel
Occupation,Electrician
Country,Russia
Flower,Marigold
Fruit,Fig
Vegetable,Beet
Insect,Cricket
Body of Water,Caribbean
Tree,Bamboo
Music Genre,Metal
Car Brand,Lexus
Hobby,Running
Game,Clue
Apparel,Bracelet
Toy,Blocks
Animal,Bat
Color,Mint
Food,Crepe
Emotion,Patience
Weather,Thunder
Tool,Crowbar
Occupation,Scientist
Country,Turkey
Flower,Carnation
Fruit,Pear
Vegetable,Pea
Insect,Firefly
Animal,Chimpanzee
Tree,Cherry
Music Genre,Salsa
Car Brand,Porsche
Hobby,Biking
Game,Bingo
Apparel,Sandals
Toy,Scooter
Animal,Crab
Color,Bronze
Food,Lasagna
Emotion,Calm
Weather,Dew
Tool,Level
Occupation,Architect
Country,Spain
Flower,Gladiolus
Fruit,Raspberry
Vegetable,Squash
Insect,Flea
Body of Water,Gulf
Tree,Aspen
Music Genre,Techno
Car Brand,Mazda
Hobby,Chess
Animal,Leopard
Apparel,Hoodie
Artistâ€™s Medium,Acrylic
Animal,Seahorse
Color,Coral
Food,Kebab
Emotion,Pride
Weather,Gale
Tool,File
Occupation,Biologist
Country,Philippines
Flower,Lotus
Fruit,Plum
Vegetable,Jalapeno
Insect,Cockroach
Dance,Ballet
Tree,Dogwood
Natural Formation,Volcano
Car Brand,Ferrari
Hobby,Yoga
Game,Battleship
Apparel,Cloak
Toy,Slime
Animal,Cheetah
Color,Khaki
Food,Tofu
Emotion,Relief
Weather,Rainstorm
Tool,Stapler
Occupation,Astronomer
Country,Iceland
Flower,Chrysanthemum
Fruit,Lychee
Vegetable,Artichoke
Insect,Housefly
Body of Water,Adriatic
Tree,Olive
Music Genre,Ambient
Car Brand,Bugatti
Hobby,Swimming
Game,Hangman
Apparel,Blazer
Toy,Robot
Animal,Squirrel
Color,Ruby
Food,Gnocchi
Emotion,Relief
Weather,Overcast
Natural Formation,Glacier
Occupation,Geologist
Country,Thailand
Flower,Bluebell
Fruit,Pomegranate
Vegetable,Mushroom
Insect,Cicada
Occupation,Astronaut
Tree,Baobab
Music Genre,Punk
Car Brand,McLaren
Hobby,Scrapbooking
Game,Trivia
Apparel,Pajamas
Toy,Sandbox
Animal,Ferret
Color,Slate
Food,Pho
Emotion,Thrill
Weather,Fog